{"PvPIvTarget":true,"PvPIvThreshold":95.0,"autoPasteTemplate":true,"customBug":"థ","customDark":"◐","customDragon":"뿅","customElectric":"ϟ","customFairy":"♡","customFighting":"メ","customFire":"ঌ","customFlying":"౯","customGhost":"†","customGrass":"✿","customGreatLeague":"Ⓖ","customGround":"⏚","customIce":"⁂","customLegacy":"㈩","customLittleLeague":"ⓛ","customLucky":"Ⓛ","customMultiIV":"*","customNormal":"⊙","customPoison":"ẍ","customPsychic":"☯","customPurified":"○","customRock":"☗","customShadow":"●","customSteel":"▨","customSubmove":"-","customTemplates":[{"blockChain":[{"nameFillLength":3,"plainText":"","type":"6"},{"nameFillLength":0,"plainText":"","type":"54"},{"nameFillLength":0,"plainText":"/","type":"0"},{"nameFillLength":0,"plainText":"","type":"28"},{"nameFillLength":0,"plainText":"","type":"51"},{"nameFillLength":0,"plainText":"","type":"10"}],"id":104,"name":"PvP Low Invest High Rank","usageCondition":15},{"blockChain":[{"nameFillLength":3,"plainText":"","type":"6"},{"nameFillLength":0,"plainText":"","type":"10"},{"nameFillLength":0,"plainText":"","type":"51"},{"nameFillLength":0,"plainText":"","type":"54"},{"nameFillLength":0,"plainText":"","type":"35"},{"nameFillLength":0,"plainText":"","type":"49"},{"nameFillLength":0,"plainText":"","type":"50"},{"nameFillLength":0,"plainText":"","type":"37"},{"nameFillLength":0,"plainText":"","type":"34"},{"nameFillLength":0,"plainText":"","type":"28"}],"id":105,"name":"HIGH IV","usageCondition":12},{"blockChain":[{"nameFillLength":0,"plainText":"","type":"34"},{"nameFillLength":4,"plainText":"","type":"6"},{"nameFillLength":0,"plainText":"","type":"10"},{"nameFillLength":0,"plainText":"","type":"51"},{"nameFillLength":0,"plainText":"","type":"54"},{"nameFillLength":0,"plainText":"","type":"35"},{"nameFillLength":0,"plainText":"","type":"28"}],"id":106,"name":"standard","usageCondition":13},{"blockChain":[{"nameFillLength":0,"plainText":"","type":"34"},{"nameFillLength":2,"plainText":"","type":"6"},{"nameFillLength":0,"plainText":"","type":"10"},{"nameFillLength":0,"plainText":"","type":"51"},{"nameFillLength":0,"plainText":"","type":"54"},{"nameFillLength":0,"plainText":"/","type":"0"},{"nameFillLength":0,"plainText":"","type":"39"}],"id":107,"name":"standard","usageCondition":0}],"customUltraLeague":"Ⓤ","customUnknownIV":"○","customWater":"⼮","fav1String":"₁","fav2String":"₂","fav3String":"₃","fav4String":"₄","fav5String":"₅","fav6String":"₆","fav7String":"₇","highIVThreshold":80,"invertIVComb":false,"invertTotalIV":false,"ivDisplayStyle":6,"ivSectionShowAll":true,"ivStatsDisplayStyle":3,"ivStatsOrder":0,"levelDisplayStyle":0,"moveSectionShowAll":false,"recommendedCondition1":0,"recommendedCondition2":0,"recommendedCondition3":0,"recommendedCondition4":0,"recommendedCondition5":0,"selectedTemplateId":104,"tradeIVThreshold":79,"tradeLvlThreshold":0.0,"typeDisplayStyle":3,"versionNum":5}